cve_ent,nom_ent,cve_mun,nom_mun,cvegeo,cve_ageb,pobreza,pobreza_ext
29,Tlaxcala,29015,Ixtacuixtla de Mariano Matamoros,2901500010092,0092,"(34, 50)","(0, 20)"
29,Tlaxcala,29015,Ixtacuixtla de Mariano Matamoros,2901500010181,0181,"(50, 70)","(0, 20)"
29,Tlaxcala,29015,Ixtacuixtla de Mariano Matamoros,2901500010196,0196,"(50, 70)","(0, 20)"
29,Tlaxcala,29015,Ixtacuixtla de Mariano Matamoros,2901500010209,0209,"(34, 50)","(0, 20)"
29,Tlaxcala,29015,Ixtacuixtla de Mariano Matamoros,2901500010213,0213,"(34, 50)","(0, 20)"
29,Tlaxcala,29015,Ixtacuixtla de Mariano Matamoros,2901500030124,0124,"(70, 100)","(0, 20)"
29,Tlaxcala,29015,Ixtacuixtla de Mariano Matamoros,2901500030139,0139,"(70, 100)","(0, 20)"
29,Tlaxcala,29015,Ixtacuixtla de Mariano Matamoros,2901500030143,0143,"(70, 100)","(0, 20)"
29,Tlaxcala,29015,Ixtacuixtla de Mariano Matamoros,2901500030228,0228,"(70, 100)","(0, 20)"
29,Tlaxcala,29015,Ixtacuixtla de Mariano Matamoros,2901500030232,0232,"(70, 100)","(0, 20)"
29,Tlaxcala,29015,Ixtacuixtla de Mariano Matamoros,290150003036A,036A,"(70, 100)","(0, 20)"
29,Tlaxcala,29015,Ixtacuixtla de Mariano Matamoros,2901500220302,0302,"(34, 50)","(0, 20)"
29,Tlaxcala,29015,Ixtacuixtla de Mariano Matamoros,2901500220317,0317,"(34, 50)","(0, 20)"
29,Tlaxcala,29015,Ixtacuixtla de Mariano Matamoros,290150031029A,029A,"(50, 70)","(0, 20)"
29,Tlaxcala,29015,Ixtacuixtla de Mariano Matamoros,2901500320105,0105,"(34, 50)","(0, 20)"
29,Tlaxcala,29015,Ixtacuixtla de Mariano Matamoros,290150032011A,011A,"(34, 50)","(0, 20)"
29,Tlaxcala,29015,Ixtacuixtla de Mariano Matamoros,2901500320266,0266,"(50, 70)","(0, 20)"
29,Tlaxcala,29015,Ixtacuixtla de Mariano Matamoros,2901500320270,0270,"(34, 50)","(0, 20)"
29,Tlaxcala,29015,Ixtacuixtla de Mariano Matamoros,2901500380321,0321,"(50, 70)","(0, 20)"
29,Tlaxcala,29015,Ixtacuixtla de Mariano Matamoros,2901500380336,0336,"(34, 50)","(0, 20)"
29,Tlaxcala,29019,Tepetitla de Lardizábal,2901900010034,0034,"(34, 50)","(0, 20)"
29,Tlaxcala,29019,Tepetitla de Lardizábal,2901900010053,0053,"(50, 70)","(0, 20)"
29,Tlaxcala,29019,Tepetitla de Lardizábal,2901900010087,0087,"(50, 70)","(0, 20)"
29,Tlaxcala,29019,Tepetitla de Lardizábal,2901900010091,0091,"(50, 70)","(0, 20)"
29,Tlaxcala,29019,Tepetitla de Lardizábal,2901900010161,0161,"(70, 100)","(0, 20)"
29,Tlaxcala,29019,Tepetitla de Lardizábal,2901900070180,0180,"(50, 70)","(0, 20)"
29,Tlaxcala,29019,Tepetitla de Lardizábal,2901900090104,0104,"(50, 70)","(0, 20)"
29,Tlaxcala,29019,Tepetitla de Lardizábal,2901900090123,0123,"(50, 70)","(0, 20)"
29,Tlaxcala,29019,Tepetitla de Lardizábal,2901900090138,0138,"(34, 50)","(0, 20)"
29,Tlaxcala,29019,Tepetitla de Lardizábal,2901900090176,0176,"(70, 100)","(0, 20)"
29,Tlaxcala,29023,Natívitas,2902300010037,0037,"(50, 70)","(0, 20)"
29,Tlaxcala,29023,Natívitas,2902300040198,0198,"(50, 70)","(0, 20)"
29,Tlaxcala,29023,Natívitas,2902300110200,0200,"(50, 70)","(0, 20)"
29,Tlaxcala,29023,Natívitas,2902300110215,0215,"(34, 50)","(0, 20)"
29,Tlaxcala,29023,Natívitas,2902300160145,0145,"(50, 70)","(0, 20)"
29,Tlaxcala,29023,Natívitas,290230017015A,015A,"(50, 70)","(0, 20)"
29,Tlaxcala,29023,Natívitas,2902300170164,0164,"(50, 70)","(0, 20)"
29,Tlaxcala,29025,San Pablo del Monte,2902500010101,0101,"(50, 70)","(0, 20)"
29,Tlaxcala,29025,San Pablo del Monte,2902500010116,0116,"(50, 70)","(0, 20)"
29,Tlaxcala,29025,San Pablo del Monte,2902500010120,0120,"(50, 70)","(0, 20)"
29,Tlaxcala,29025,San Pablo del Monte,2902500010135,0135,"(50, 70)","(0, 20)"
29,Tlaxcala,29025,San Pablo del Monte,290250001014A,014A,"(50, 70)","(0, 20)"
29,Tlaxcala,29025,San Pablo del Monte,2902500010154,0154,"(70, 100)","(0, 20)"
29,Tlaxcala,29025,San Pablo del Monte,2902500010169,0169,"(70, 100)","(0, 20)"
29,Tlaxcala,29025,San Pablo del Monte,2902500010173,0173,"(70, 100)","(0, 20)"
29,Tlaxcala,29025,San Pablo del Monte,2902500010192,0192,"(50, 70)","(0, 20)"
29,Tlaxcala,29025,San Pablo del Monte,2902500010205,0205,"(50, 70)","(0, 20)"
29,Tlaxcala,29025,San Pablo del Monte,290250001021A,021A,"(50, 70)","(0, 20)"
29,Tlaxcala,29025,San Pablo del Monte,2902500010224,0224,"(50, 70)","(0, 20)"
29,Tlaxcala,29025,San Pablo del Monte,2902500010239,0239,"(50, 70)","(0, 20)"
29,Tlaxcala,29025,San Pablo del Monte,2902500010243,0243,"(50, 70)","(0, 20)"
29,Tlaxcala,29025,San Pablo del Monte,2902500010258,0258,"(50, 70)","(0, 20)"
29,Tlaxcala,29025,San Pablo del Monte,2902500010262,0262,"(50, 70)","(0, 20)"
29,Tlaxcala,29025,San Pablo del Monte,2902500010277,0277,"(50, 70)","(0, 20)"
29,Tlaxcala,29025,San Pablo del Monte,2902500010281,0281,"(50, 70)","(0, 20)"
29,Tlaxcala,29025,San Pablo del Monte,2902500020065,0065,"(70, 100)","(0, 20)"
29,Tlaxcala,29025,San Pablo del Monte,2902500020084,0084,"(70, 100)","(0, 20)"
29,Tlaxcala,29025,San Pablo del Monte,2902500020099,0099,"(50, 70)","(0, 20)"
29,Tlaxcala,29028,Teolocholco,2902800010052,0052,"(34, 50)","(0, 20)"
29,Tlaxcala,29028,Teolocholco,2902800010071,0071,"(50, 70)","(0, 20)"
29,Tlaxcala,29028,Teolocholco,2902800010090,0090,"(50, 70)","(0, 20)"
29,Tlaxcala,29028,Teolocholco,2902800010103,0103,"(50, 70)","(0, 20)"
29,Tlaxcala,29028,Teolocholco,2902800010118,0118,"(34, 50)","(0, 20)"
29,Tlaxcala,29028,Teolocholco,2902800010122,0122,"(50, 70)","(0, 20)"
29,Tlaxcala,29028,Teolocholco,2902800010137,0137,"(34, 50)","(0, 20)"
29,Tlaxcala,29028,Teolocholco,2902800010141,0141,"(50, 70)","(0, 20)"
29,Tlaxcala,29028,Teolocholco,2902800010156,0156,"(34, 50)","(0, 20)"
29,Tlaxcala,29028,Teolocholco,2902800020067,0067,"(34, 50)","(0, 20)"
29,Tlaxcala,29041,Papalotla de Xicohténcatl,2904100010035,0035,"(18, 34)","(0, 20)"
29,Tlaxcala,29041,Papalotla de Xicohténcatl,2904100010073,0073,"(34, 50)","(0, 20)"
29,Tlaxcala,29041,Papalotla de Xicohténcatl,2904100010088,0088,"(34, 50)","(0, 20)"
29,Tlaxcala,29041,Papalotla de Xicohténcatl,2904100010092,0092,"(50, 70)","(0, 20)"
29,Tlaxcala,29041,Papalotla de Xicohténcatl,2904100010105,0105,"(50, 70)","(0, 20)"
29,Tlaxcala,29041,Papalotla de Xicohténcatl,290410001011A,011A,"(70, 100)","(0, 20)"
29,Tlaxcala,29041,Papalotla de Xicohténcatl,2904100010124,0124,"(34, 50)","(0, 20)"
29,Tlaxcala,29041,Papalotla de Xicohténcatl,2904100010143,0143,"(34, 50)","(0, 20)"
29,Tlaxcala,29041,Papalotla de Xicohténcatl,2904100010177,0177,"(34, 50)","(0, 20)"
29,Tlaxcala,29041,Papalotla de Xicohténcatl,2904100010181,0181,"(50, 70)","(0, 20)"
29,Tlaxcala,29041,Papalotla de Xicohténcatl,2904100010209,0209,"(50, 70)","(0, 20)"
29,Tlaxcala,29041,Papalotla de Xicohténcatl,2904100010213,0213,"(50, 70)","(0, 20)"
29,Tlaxcala,29041,Papalotla de Xicohténcatl,2904100010232,0232,"(70, 100)","(0, 20)"
29,Tlaxcala,29041,Papalotla de Xicohténcatl,2904100040162,0162,"(50, 70)","(0, 20)"
29,Tlaxcala,29041,Papalotla de Xicohténcatl,2904100040247,0247,"(70, 100)","(0, 20)"
21,Puebla,21001,Acajete,2100100010118,0118,"(70, 100)","(0, 20)"
21,Puebla,21001,Acajete,2100100010160,0160,"(70, 100)","(0, 20)"
21,Puebla,21001,Acajete,2100100010175,0175,"(70, 100)","(0, 20)"
21,Puebla,21001,Acajete,210010001018A,018A,"(70, 100)","(0, 20)"
21,Puebla,21001,Acajete,2100100010194,0194,"(50, 70)","(0, 20)"
21,Puebla,21001,Acajete,2100100010207,0207,"(70, 100)","(0, 20)"
21,Puebla,21001,Acajete,2100100010211,0211,"(70, 100)","(0, 20)"
21,Puebla,21001,Acajete,2100100010300,0300,"(70, 100)","(0, 20)"
21,Puebla,21001,Acajete,210010001032A,032A,"(70, 100)","(0, 20)"
21,Puebla,21001,Acajete,2100100010334,0334,"(70, 100)","(20, 50)"
21,Puebla,21001,Acajete,2100100010387,0387,"(70, 100)","(20, 50)"
21,Puebla,21001,Acajete,2100100010476,0476,"(70, 100)","(0, 20)"
21,Puebla,21001,Acajete,2100100040122,0122,"(70, 100)","(20, 50)"
21,Puebla,21001,Acajete,2100100040141,0141,"(70, 100)","(0, 20)"
21,Puebla,21001,Acajete,2100100040419,0419,"(70, 100)","(0, 20)"
21,Puebla,21001,Acajete,2100100040423,0423,"(70, 100)","(0, 20)"
21,Puebla,21001,Acajete,2100100040599,0599,"(70, 100)","(0, 20)"
21,Puebla,21001,Acajete,2100100060353,0353,"(70, 100)","(0, 20)"
21,Puebla,21001,Acajete,2100100060438,0438,"(70, 100)","(0, 20)"
21,Puebla,21001,Acajete,2100100060442,0442,"(70, 100)","(0, 20)"
21,Puebla,21001,Acajete,2100100110226,0226,"(50, 70)","(0, 20)"
21,Puebla,21001,Acajete,2100100110230,0230,"(50, 70)","(0, 20)"
21,Puebla,21001,Acajete,2100100110298,0298,"(70, 100)","(0, 20)"
21,Puebla,21001,Acajete,2100100110508,0508,"(70, 100)","(0, 20)"
21,Puebla,21001,Acajete,2100100160264,0264,"(70, 100)","(0, 20)"
21,Puebla,21001,Acajete,2100100160368,0368,"(70, 100)","(0, 20)"
21,Puebla,21001,Acajete,2100100160457,0457,"(70, 100)","(0, 20)"
21,Puebla,21001,Acajete,2100100160461,0461,"(70, 100)","(0, 20)"
21,Puebla,21001,Acajete,2100100170531,0531,"(70, 100)","(20, 50)"
21,Puebla,21001,Acajete,2100100170546,0546,"(70, 100)","(20, 50)"
21,Puebla,21001,Acajete,2100100170550,0550,"(70, 100)","(50, 70)"
21,Puebla,21001,Acajete,2100100240620,0620,"(70, 100)","(0, 20)"
21,Puebla,21001,Acajete,2100100240635,0635,"(70, 100)","(20, 50)"
21,Puebla,21001,Acajete,2100100330601,0601,"(70, 100)","(0, 20)"
21,Puebla,21001,Acajete,2100100330616,0616,"(70, 100)","(0, 20)"
21,Puebla,21015,Amozoc,2101500010113,0113,"(50, 70)","(0, 20)"
21,Puebla,21015,Amozoc,2101500010128,0128,"(70, 100)","(20, 50)"
21,Puebla,21015,Amozoc,2101500010132,0132,"(50, 70)","(0, 20)"
21,Puebla,21015,Amozoc,2101500010147,0147,"(50, 70)","(0, 20)"
21,Puebla,21015,Amozoc,2101500010151,0151,"(50, 70)","(0, 20)"
21,Puebla,21015,Amozoc,2101500010166,0166,"(50, 70)","(0, 20)"
21,Puebla,21015,Amozoc,2101500010185,0185,"(18, 34)","(0, 20)"
21,Puebla,21015,Amozoc,210150001019A,019A,"(50, 70)","(0, 20)"
21,Puebla,21015,Amozoc,2101500010217,0217,"(50, 70)","(0, 20)"
21,Puebla,21015,Amozoc,2101500010221,0221,"(50, 70)","(0, 20)"
21,Puebla,21015,Amozoc,2101500010236,0236,"(34, 50)","(0, 20)"
21,Puebla,21015,Amozoc,2101500010240,0240,"(50, 70)","(0, 20)"
21,Puebla,21015,Amozoc,2101500010255,0255,"(70, 100)","(20, 50)"
21,Puebla,21015,Amozoc,210150001026A,026A,"(50, 70)","(0, 20)"
21,Puebla,21015,Amozoc,2101500010274,0274,"(70, 100)","(0, 20)"
21,Puebla,21015,Amozoc,2101500010289,0289,"(50, 70)","(0, 20)"
21,Puebla,21015,Amozoc,2101500010293,0293,"(50, 70)","(0, 20)"
21,Puebla,21015,Amozoc,2101500010306,0306,"(50, 70)","(0, 20)"
21,Puebla,21015,Amozoc,2101500010310,0310,"(50, 70)","(0, 20)"
21,Puebla,21015,Amozoc,210150001033A,033A,"(50, 70)","(0, 20)"
21,Puebla,21015,Amozoc,210150001040A,040A,"(70, 100)","(0, 20)"
21,Puebla,21015,Amozoc,2101500010414,0414,"(70, 100)","(20, 50)"
21,Puebla,21015,Amozoc,2101500010429,0429,"(70, 100)","(20, 50)"
21,Puebla,21015,Amozoc,2101500010433,0433,"(50, 70)","(0, 20)"
21,Puebla,21015,Amozoc,2101500010448,0448,"(50, 70)","(0, 20)"
21,Puebla,21015,Amozoc,2101500010452,0452,"(34, 50)","(0, 20)"
21,Puebla,21015,Amozoc,2101500010467,0467,"(50, 70)","(0, 20)"
21,Puebla,21015,Amozoc,2101500010471,0471,"(50, 70)","(0, 20)"
21,Puebla,21015,Amozoc,2101500010486,0486,"(70, 100)","(20, 50)"
21,Puebla,21015,Amozoc,2101500040503,0503,"(70, 100)","(0, 20)"
21,Puebla,21015,Amozoc,2101500310344,0344,"(34, 50)","(0, 20)"
21,Puebla,21015,Amozoc,2101500310359,0359,"(34, 50)","(0, 20)"
21,Puebla,21015,Amozoc,2101500310363,0363,"(50, 70)","(0, 20)"
21,Puebla,21015,Amozoc,2101500310378,0378,"(50, 70)","(0, 20)"
21,Puebla,21015,Amozoc,2101500310382,0382,"(34, 50)","(0, 20)"
21,Puebla,21015,Amozoc,2101500310397,0397,"(50, 70)","(0, 20)"
21,Puebla,21015,Amozoc,2101500310490,0490,"(70, 100)","(0, 20)"
21,Puebla,21034,Coronango,2103400010053,0053,"(70, 100)","(0, 20)"
21,Puebla,21034,Coronango,2103400010068,0068,"(70, 100)","(0, 20)"
21,Puebla,21034,Coronango,2103400010072,0072,"(50, 70)","(0, 20)"
21,Puebla,21034,Coronango,2103400010123,0123,"(70, 100)","(0, 20)"
21,Puebla,21034,Coronango,2103400010138,0138,"(70, 100)","(0, 20)"
21,Puebla,21034,Coronango,2103400010142,0142,"(70, 100)","(0, 20)"
21,Puebla,21034,Coronango,2103400010180,0180,"(70, 100)","(20, 50)"
21,Puebla,21034,Coronango,2103400010195,0195,"(70, 100)","(0, 20)"
21,Puebla,21034,Coronango,2103400020087,0087,"(70, 100)","(0, 20)"
21,Puebla,21034,Coronango,2103400020091,0091,"(70, 100)","(0, 20)"
21,Puebla,21034,Coronango,2103400020157,0157,"(70, 100)","(20, 50)"
21,Puebla,21034,Coronango,2103400030119,0119,"(70, 100)","(0, 20)"
21,Puebla,21034,Coronango,2103400030208,0208,"(70, 100)","(0, 20)"
21,Puebla,21034,Coronango,2103400030212,0212,"(70, 100)","(0, 20)"
21,Puebla,21034,Coronango,2103400030227,0227,"(70, 100)","(0, 20)"
21,Puebla,21041,Cuautlancingo,2104100010062,0062,"(34, 50)","(0, 20)"
21,Puebla,21041,Cuautlancingo,2104100010109,0109,"(18, 34)","(0, 20)"
21,Puebla,21041,Cuautlancingo,2104100010240,0240,"(34, 50)","(0, 20)"
21,Puebla,21041,Cuautlancingo,2104100010255,0255,"(0, 18)","(0, 20)"
21,Puebla,21041,Cuautlancingo,2104100010310,0310,"(0, 18)","(0, 20)"
21,Puebla,21041,Cuautlancingo,2104100040325,0325,"(50, 70)","(0, 20)"
21,Puebla,21041,Cuautlancingo,2104100080096,0096,"(18, 34)","(0, 20)"
21,Puebla,21041,Cuautlancingo,2104100080132,0132,"(34, 50)","(0, 20)"
21,Puebla,21041,Cuautlancingo,2104100080147,0147,"(34, 50)","(0, 20)"
21,Puebla,21041,Cuautlancingo,2104100080151,0151,"(18, 34)","(0, 20)"
21,Puebla,21041,Cuautlancingo,2104100080202,0202,"(34, 50)","(0, 20)"
21,Puebla,21041,Cuautlancingo,2104100080217,0217,"(34, 50)","(0, 20)"
21,Puebla,21041,Cuautlancingo,2104100080221,0221,"(50, 70)","(0, 20)"
21,Puebla,21041,Cuautlancingo,2104100080236,0236,"(18, 34)","(0, 20)"
21,Puebla,21041,Cuautlancingo,2104100120185,0185,"(34, 50)","(0, 20)"
21,Puebla,21041,Cuautlancingo,210410012019A,019A,"(50, 70)","(0, 20)"
21,Puebla,21041,Cuautlancingo,2104100120293,0293,"(18, 34)","(0, 20)"
21,Puebla,21041,Cuautlancingo,210410027033A,033A,"(34, 50)","(0, 20)"
21,Puebla,21041,Cuautlancingo,2104100270344,0344,"(34, 50)","(0, 20)"
21,Puebla,21041,Cuautlancingo,2104100270359,0359,"(34, 50)","(0, 20)"
21,Puebla,21041,Cuautlancingo,2104100270363,0363,"(34, 50)","(0, 20)"
21,Puebla,21041,Cuautlancingo,2104100270378,0378,"(18, 34)","(0, 20)"
21,Puebla,21041,Cuautlancingo,2104100270382,0382,"(34, 50)","(0, 20)"
21,Puebla,21048,Chiautzingo,2104800010044,0044,"(50, 70)","(0, 20)"
21,Puebla,21048,Chiautzingo,2104800010059,0059,"(70, 100)","(0, 20)"
21,Puebla,21048,Chiautzingo,2104800010078,0078,"(70, 100)","(0, 20)"
21,Puebla,21048,Chiautzingo,210480001010A,010A,"(50, 70)","(0, 20)"
21,Puebla,21048,Chiautzingo,2104800010114,0114,"(70, 100)","(0, 20)"
21,Puebla,21048,Chiautzingo,2104800010129,0129,"(70, 100)","(0, 20)"
21,Puebla,21048,Chiautzingo,2104800010133,0133,"(70, 100)","(0, 20)"
21,Puebla,21048,Chiautzingo,2104800040186,0186,"(70, 100)","(0, 20)"
21,Puebla,21048,Chiautzingo,2104800040190,0190,"(70, 100)","(0, 20)"
21,Puebla,21048,Chiautzingo,2104800050152,0152,"(70, 100)","(0, 20)"
21,Puebla,21048,Chiautzingo,2104800060025,0025,"(70, 100)","(0, 20)"
21,Puebla,21048,Chiautzingo,2104800060097,0097,"(70, 100)","(0, 20)"
21,Puebla,21074,Huejotzingo,2107400010044,0044,"(50, 70)","(0, 20)"
21,Puebla,21074,Huejotzingo,2107400010059,0059,"(50, 70)","(0, 20)"
21,Puebla,21074,Huejotzingo,2107400010063,0063,"(50, 70)","(0, 20)"
21,Puebla,21074,Huejotzingo,210740001010A,010A,"(50, 70)","(0, 20)"
21,Puebla,21074,Huejotzingo,2107400010114,0114,"(70, 100)","(0, 20)"
21,Puebla,21074,Huejotzingo,2107400010129,0129,"(50, 70)","(0, 20)"
21,Puebla,21074,Huejotzingo,2107400010133,0133,"(34, 50)","(0, 20)"
21,Puebla,21074,Huejotzingo,2107400010148,0148,"(50, 70)","(0, 20)"
21,Puebla,21074,Huejotzingo,2107400010152,0152,"(50, 70)","(0, 20)"
21,Puebla,21074,Huejotzingo,2107400010256,0256,"(34, 50)","(0, 20)"
21,Puebla,21074,Huejotzingo,2107400010275,0275,"(70, 100)","(0, 20)"
21,Puebla,21074,Huejotzingo,2107400020186,0186,"(70, 100)","(20, 50)"
21,Puebla,21074,Huejotzingo,2107400130241,0241,"(70, 100)","(20, 50)"
21,Puebla,21074,Huejotzingo,2107400290025,0025,"(70, 100)","(0, 20)"
21,Puebla,21074,Huejotzingo,2107400290167,0167,"(70, 100)","(0, 20)"
21,Puebla,21074,Huejotzingo,2107400290190,0190,"(50, 70)","(0, 20)"
21,Puebla,21074,Huejotzingo,2107400290203,0203,"(50, 70)","(0, 20)"
21,Puebla,21074,Huejotzingo,2107400290237,0237,"(70, 100)","(0, 20)"
21,Puebla,21074,Huejotzingo,2107400290260,0260,"(70, 100)","(20, 50)"
21,Puebla,21090,Juan C. Bonilla,2109000010118,0118,"(50, 70)","(0, 20)"
21,Puebla,21090,Juan C. Bonilla,2109000010122,0122,"(70, 100)","(0, 20)"
21,Puebla,21090,Juan C. Bonilla,2109000010156,0156,"(34, 50)","(0, 20)"
21,Puebla,21090,Juan C. Bonilla,2109000050048,0048,"(50, 70)","(0, 20)"
21,Puebla,21090,Juan C. Bonilla,2109000050067,0067,"(50, 70)","(0, 20)"
21,Puebla,21090,Juan C. Bonilla,2109000050071,0071,"(18, 34)","(0, 20)"
21,Puebla,21090,Juan C. Bonilla,2109000050137,0137,"(70, 100)","(0, 20)"
21,Puebla,21090,Juan C. Bonilla,2109000050141,0141,"(70, 100)","(0, 20)"
21,Puebla,21090,Juan C. Bonilla,2109000050160,0160,"(70, 100)","(0, 20)"
21,Puebla,21106,Ocoyucan,2110600010069,0069,"(70, 100)","(0, 20)"
21,Puebla,21106,Ocoyucan,2110600010073,0073,"(70, 100)","(0, 20)"
21,Puebla,21106,Ocoyucan,2110600010124,0124,"(70, 100)","(0, 20)"
21,Puebla,21106,Ocoyucan,2110600010158,0158,"(70, 100)","(0, 20)"
21,Puebla,21106,Ocoyucan,2110600030139,0139,"(70, 100)","(20, 50)"
21,Puebla,21106,Ocoyucan,2110600030143,0143,"(70, 100)","(20, 50)"
21,Puebla,21106,Ocoyucan,2110600060088,0088,"(70, 100)","(0, 20)"
21,Puebla,21106,Ocoyucan,2110600080105,0105,"(70, 100)","(0, 20)"
21,Puebla,21106,Ocoyucan,211060008011A,011A,"(70, 100)","(0, 20)"
21,Puebla,21114,Puebla,2111400010126,0126,"(18, 34)","(0, 20)"
21,Puebla,21114,Puebla,2111400010130,0130,"(50, 70)","(0, 20)"
21,Puebla,21114,Puebla,2111400010198,0198,"(18, 34)","(0, 20)"
21,Puebla,21114,Puebla,2111400010338,0338,"(18, 34)","(0, 20)"
21,Puebla,21114,Puebla,2111400010361,0361,"(0, 18)","(0, 20)"
21,Puebla,21114,Puebla,2111400010376,0376,"(0, 18)","(0, 20)"
21,Puebla,21114,Puebla,2111400010380,0380,"(18, 34)","(0, 20)"
21,Puebla,21114,Puebla,2111400010395,0395,"(34, 50)","(0, 20)"
21,Puebla,21114,Puebla,2111400010408,0408,"(18, 34)","(0, 20)"
21,Puebla,21114,Puebla,2111400010412,0412,"(34, 50)","(0, 20)"
21,Puebla,21114,Puebla,2111400010431,0431,"(18, 34)","(0, 20)"
21,Puebla,21114,Puebla,2111400010446,0446,"(34, 50)","(0, 20)"
21,Puebla,21114,Puebla,2111400010450,0450,"(34, 50)","(0, 20)"
21,Puebla,21114,Puebla,2111400010499,0499,"(34, 50)","(0, 20)"
21,Puebla,21114,Puebla,2111400010501,0501,"(18, 34)","(0, 20)"
21,Puebla,21114,Puebla,2111400010516,0516,"(34, 50)","(0, 20)"
21,Puebla,21114,Puebla,2111400010520,0520,"(34, 50)","(0, 20)"
21,Puebla,21114,Puebla,211140001054A,054A,"(34, 50)","(0, 20)"
21,Puebla,21114,Puebla,2111400010588,0588,"(18, 34)","(0, 20)"
21,Puebla,21114,Puebla,2111400010624,0624,"(18, 34)","(0, 20)"
21,Puebla,21114,Puebla,2111400010658,0658,"(0, 18)","(0, 20)"
21,Puebla,21114,Puebla,2111400010662,0662,"(0, 18)","(0, 20)"
21,Puebla,21114,Puebla,2111400010677,0677,"(0, 18)","(0, 20)"
21,Puebla,21114,Puebla,2111400010696,0696,"(0, 18)","(0, 20)"
21,Puebla,21114,Puebla,2111400010728,0728,"(18, 34)","(0, 20)"
21,Puebla,21114,Puebla,2111400010732,0732,"(0, 18)","(0, 20)"
21,Puebla,21114,Puebla,2111400010747,0747,"(0, 18)","(0, 20)"
21,Puebla,21114,Puebla,2111400010751,0751,"(34, 50)","(0, 20)"
21,Puebla,21114,Puebla,2111400010766,0766,"(18, 34)","(0, 20)"
21,Puebla,21114,Puebla,2111400010785,0785,"(34, 50)","(0, 20)"
21,Puebla,21114,Puebla,211140001079A,079A,"(18, 34)","(0, 20)"
21,Puebla,21114,Puebla,2111400010802,0802,"(18, 34)","(0, 20)"
21,Puebla,21114,Puebla,2111400010817,0817,"(0, 18)","(0, 20)"
21,Puebla,21114,Puebla,2111400010821,0821,"(0, 18)","(0, 20)"
21,Puebla,21114,Puebla,2111400010836,0836,"(18, 34)","(0, 20)"
21,Puebla,21114,Puebla,211140001086A,086A,"(0, 18)","(0, 20)"
21,Puebla,21114,Puebla,2111400011105,1105,"(34, 50)","(0, 20)"
21,Puebla,21114,Puebla,2111400011177,1177,"(18, 34)","(0, 20)"
21,Puebla,21114,Puebla,2111400011389,1389,"(18, 34)","(0, 20)"
21,Puebla,21114,Puebla,2111400011393,1393,"(0, 18)","(0, 20)"
21,Puebla,21114,Puebla,2111400011406,1406,"(0, 18)","(0, 20)"
21,Puebla,21114,Puebla,2111400011425,1425,"(18, 34)","(0, 20)"
21,Puebla,21114,Puebla,211140001150A,150A,"(18, 34)","(0, 20)"
21,Puebla,21114,Puebla,2111400011514,1514,"(0, 18)","(0, 20)"
21,Puebla,21114,Puebla,2111400011533,1533,"(34, 50)","(0, 20)"
21,Puebla,21114,Puebla,2111400011548,1548,"(34, 50)","(0, 20)"
21,Puebla,21114,Puebla,2111400011552,1552,"(18, 34)","(0, 20)"
21,Puebla,21114,Puebla,2111400011567,1567,"(34, 50)","(0, 20)"
21,Puebla,21114,Puebla,2111400011571,1571,"(50, 70)","(0, 20)"
21,Puebla,21114,Puebla,2111400011603,1603,"(50, 70)","(0, 20)"
21,Puebla,21114,Puebla,2111400011641,1641,"(18, 34)","(0, 20)"
21,Puebla,21114,Puebla,2111400011675,1675,"(34, 50)","(0, 20)"
21,Puebla,21114,Puebla,2111400011711,1711,"(34, 50)","(0, 20)"
21,Puebla,21114,Puebla,2111400011764,1764,"(18, 34)","(0, 20)"
21,Puebla,21114,Puebla,2111400011779,1779,"(0, 18)","(0, 20)"
21,Puebla,21114,Puebla,2111400011798,1798,"(0, 18)","(0, 20)"
21,Puebla,21114,Puebla,2111400011853,1853,"(0, 18)","(0, 20)"
21,Puebla,21114,Puebla,2111400011872,1872,"(0, 18)","(0, 20)"
21,Puebla,21114,Puebla,2111400011904,1904,"(50, 70)","(0, 20)"
21,Puebla,21114,Puebla,2111400011923,1923,"(34, 50)","(0, 20)"
21,Puebla,21114,Puebla,2111400011938,1938,"(50, 70)","(0, 20)"
21,Puebla,21114,Puebla,2111400011942,1942,"(50, 70)","(0, 20)"
21,Puebla,21114,Puebla,2111400011957,1957,"(34, 50)","(0, 20)"
21,Puebla,21114,Puebla,2111400011961,1961,"(34, 50)","(0, 20)"
21,Puebla,21114,Puebla,2111400011976,1976,"(50, 70)","(0, 20)"
21,Puebla,21114,Puebla,2111400011980,1980,"(34, 50)","(0, 20)"
21,Puebla,21114,Puebla,2111400011995,1995,"(34, 50)","(0, 20)"
21,Puebla,21114,Puebla,2111400012029,2029,"(50, 70)","(0, 20)"
21,Puebla,21114,Puebla,2111400012033,2033,"(34, 50)","(0, 20)"
21,Puebla,21114,Puebla,2111400012048,2048,"(34, 50)","(0, 20)"
21,Puebla,21114,Puebla,2111400012052,2052,"(18, 34)","(0, 20)"
21,Puebla,21114,Puebla,2111400012067,2067,"(34, 50)","(0, 20)"
21,Puebla,21114,Puebla,2111400012071,2071,"(18, 34)","(0, 20)"
21,Puebla,21114,Puebla,2111400012086,2086,"(18, 34)","(0, 20)"
21,Puebla,21114,Puebla,2111400012090,2090,"(34, 50)","(0, 20)"
21,Puebla,21114,Puebla,2111400012103,2103,"(18, 34)","(0, 20)"
21,Puebla,21114,Puebla,2111400012118,2118,"(18, 34)","(0, 20)"
21,Puebla,21114,Puebla,2111400012122,2122,"(0, 18)","(0, 20)"
21,Puebla,21114,Puebla,2111400012141,2141,"(50, 70)","(0, 20)"
21,Puebla,21114,Puebla,2111400012156,2156,"(70, 100)","(0, 20)"
21,Puebla,21114,Puebla,2111400012160,2160,"(0, 18)","(0, 20)"
21,Puebla,21114,Puebla,2111400012194,2194,"(18, 34)","(0, 20)"
21,Puebla,21114,Puebla,2111400012207,2207,"(34, 50)","(0, 20)"
21,Puebla,21114,Puebla,2111400012211,2211,"(34, 50)","(0, 20)"
21,Puebla,21114,Puebla,2111400012226,2226,"(18, 34)","(0, 20)"
21,Puebla,21114,Puebla,2111400012230,2230,"(50, 70)","(0, 20)"
21,Puebla,21114,Puebla,2111400012245,2245,"(18, 34)","(0, 20)"
21,Puebla,21114,Puebla,211140001225A,225A,"(18, 34)","(0, 20)"
21,Puebla,21114,Puebla,2111400012264,2264,"(18, 34)","(0, 20)"
21,Puebla,21114,Puebla,2111400012279,2279,"(18, 34)","(0, 20)"
21,Puebla,21114,Puebla,2111400012283,2283,"(18, 34)","(0, 20)"
21,Puebla,21114,Puebla,2111400012298,2298,"(34, 50)","(0, 20)"
21,Puebla,21114,Puebla,2111400012315,2315,"(0, 18)","(0, 20)"
21,Puebla,21114,Puebla,211140001232A,232A,"(18, 34)","(0, 20)"
21,Puebla,21114,Puebla,2111400012334,2334,"(34, 50)","(0, 20)"
21,Puebla,21114,Puebla,2111400012349,2349,"(50, 70)","(0, 20)"
21,Puebla,21114,Puebla,2111400012353,2353,"(34, 50)","(0, 20)"
21,Puebla,21114,Puebla,2111400012368,2368,"(34, 50)","(0, 20)"
21,Puebla,21114,Puebla,2111400012372,2372,"(34, 50)","(0, 20)"
21,Puebla,21114,Puebla,2111400012387,2387,"(18, 34)","(0, 20)"
21,Puebla,21114,Puebla,2111400012404,2404,"(18, 34)","(0, 20)"
21,Puebla,21114,Puebla,2111400012419,2419,"(18, 34)","(0, 20)"
21,Puebla,21114,Puebla,2111400012423,2423,"(34, 50)","(0, 20)"
21,Puebla,21114,Puebla,2111400012438,2438,"(34, 50)","(0, 20)"
21,Puebla,21114,Puebla,2111400012442,2442,"(34, 50)","(0, 20)"
21,Puebla,21114,Puebla,2111400012457,2457,"(0, 18)","(0, 20)"
21,Puebla,21114,Puebla,2111400012461,2461,"(0, 18)","(0, 20)"
21,Puebla,21114,Puebla,2111400012476,2476,"(0, 18)","(0, 20)"
21,Puebla,21114,Puebla,2111400012480,2480,"(0, 18)","(0, 20)"
21,Puebla,21114,Puebla,2111400012495,2495,"(34, 50)","(0, 20)"
21,Puebla,21114,Puebla,2111400012508,2508,"(18, 34)","(0, 20)"
21,Puebla,21114,Puebla,2111400012512,2512,"(0, 18)","(0, 20)"
21,Puebla,21114,Puebla,2111400012546,2546,"(34, 50)","(0, 20)"
21,Puebla,21114,Puebla,2111400012550,2550,"(34, 50)","(0, 20)"
21,Puebla,21114,Puebla,2111400012565,2565,"(34, 50)","(0, 20)"
21,Puebla,21114,Puebla,211140001257A,257A,"(18, 34)","(0, 20)"
21,Puebla,21114,Puebla,2111400012584,2584,"(18, 34)","(0, 20)"
21,Puebla,21114,Puebla,2111400012601,2601,"(34, 50)","(0, 20)"
21,Puebla,21114,Puebla,2111400012620,2620,"(18, 34)","(0, 20)"
21,Puebla,21114,Puebla,2111400012635,2635,"(18, 34)","(0, 20)"
21,Puebla,21114,Puebla,211140001264A,264A,"(18, 34)","(0, 20)"
21,Puebla,21114,Puebla,2111400012654,2654,"(18, 34)","(0, 20)"
21,Puebla,21114,Puebla,2111400012669,2669,"(34, 50)","(0, 20)"
21,Puebla,21114,Puebla,2111400012673,2673,"(34, 50)","(0, 20)"
21,Puebla,21114,Puebla,2111400012688,2688,"(34, 50)","(0, 20)"
21,Puebla,21114,Puebla,2111400012705,2705,"(18, 34)","(0, 20)"
21,Puebla,21114,Puebla,2111400012762,2762,"(50, 70)","(0, 20)"
21,Puebla,21114,Puebla,2111400012777,2777,"(50, 70)","(0, 20)"
21,Puebla,21114,Puebla,2111400012781,2781,"(34, 50)","(0, 20)"
21,Puebla,21114,Puebla,2111400012809,2809,"(50, 70)","(0, 20)"
21,Puebla,21114,Puebla,2111400012828,2828,"(18, 34)","(0, 20)"
21,Puebla,21114,Puebla,2111400012832,2832,"(50, 70)","(0, 20)"
21,Puebla,21114,Puebla,2111400012847,2847,"(50, 70)","(0, 20)"
21,Puebla,21114,Puebla,2111400012851,2851,"(34, 50)","(0, 20)"
21,Puebla,21114,Puebla,2111400012866,2866,"(50, 70)","(0, 20)"
21,Puebla,21114,Puebla,2111400012870,2870,"(34, 50)","(0, 20)"
21,Puebla,21114,Puebla,2111400012885,2885,"(0, 18)","(0, 20)"
21,Puebla,21114,Puebla,211140001289A,289A,"(18, 34)","(0, 20)"
21,Puebla,21114,Puebla,2111400012902,2902,"(18, 34)","(0, 20)"
21,Puebla,21114,Puebla,2111400012917,2917,"(18, 34)","(0, 20)"
21,Puebla,21114,Puebla,2111400013050,3050,"(18, 34)","(0, 20)"
21,Puebla,21114,Puebla,2111400013065,3065,"(18, 34)","(0, 20)"
21,Puebla,21114,Puebla,2111400013084,3084,"(0, 18)","(0, 20)"
21,Puebla,21114,Puebla,2111400013099,3099,"(0, 18)","(0, 20)"
21,Puebla,21114,Puebla,2111400013101,3101,"(34, 50)","(0, 20)"
21,Puebla,21114,Puebla,2111400013116,3116,"(34, 50)","(0, 20)"
21,Puebla,21114,Puebla,2111400013120,3120,"(50, 70)","(0, 20)"
21,Puebla,21114,Puebla,2111400013135,3135,"(70, 100)","(0, 20)"
21,Puebla,21114,Puebla,211140001314A,314A,"(70, 100)","(0, 20)"
21,Puebla,21114,Puebla,2111400013154,3154,"(70, 100)","(0, 20)"
21,Puebla,21114,Puebla,2111400013192,3192,"(50, 70)","(0, 20)"
21,Puebla,21114,Puebla,211140001321A,321A,"(0, 18)","(0, 20)"
21,Puebla,21114,Puebla,2111400013224,3224,"(70, 100)","(0, 20)"
21,Puebla,21114,Puebla,2111400013296,3296,"(34, 50)","(0, 20)"
21,Puebla,21114,Puebla,2111400013309,3309,"(34, 50)","(0, 20)"
21,Puebla,21114,Puebla,2111400013313,3313,"(50, 70)","(0, 20)"
21,Puebla,21114,Puebla,2111400013328,3328,"(34, 50)","(0, 20)"
21,Puebla,21114,Puebla,2111400013332,3332,"(34, 50)","(0, 20)"
21,Puebla,21114,Puebla,2111400013347,3347,"(0, 18)","(0, 20)"
21,Puebla,21114,Puebla,2111400013351,3351,"(18, 34)","(0, 20)"
21,Puebla,21114,Puebla,2111400013366,3366,"(18, 34)","(0, 20)"
21,Puebla,21114,Puebla,2111400013370,3370,"(18, 34)","(0, 20)"
21,Puebla,21114,Puebla,2111400013385,3385,"(34, 50)","(0, 20)"
21,Puebla,21114,Puebla,211140001339A,339A,"(18, 34)","(0, 20)"
21,Puebla,21114,Puebla,2111400013402,3402,"(0, 18)","(0, 20)"
21,Puebla,21114,Puebla,2111400013417,3417,"(34, 50)","(0, 20)"
21,Puebla,21114,Puebla,2111400013421,3421,"(34, 50)","(0, 20)"
21,Puebla,21114,Puebla,2111400013436,3436,"(18, 34)","(0, 20)"
21,Puebla,21114,Puebla,2111400013440,3440,"(18, 34)","(0, 20)"
21,Puebla,21114,Puebla,2111400013455,3455,"(18, 34)","(0, 20)"
21,Puebla,21114,Puebla,211140001346A,346A,"(34, 50)","(0, 20)"
21,Puebla,21114,Puebla,2111400013474,3474,"(18, 34)","(0, 20)"
21,Puebla,21114,Puebla,2111400013489,3489,"(18, 34)","(0, 20)"
21,Puebla,21114,Puebla,2111400013493,3493,"(34, 50)","(0, 20)"
21,Puebla,21114,Puebla,2111400013506,3506,"(50, 70)","(0, 20)"
21,Puebla,21114,Puebla,2111400013510,3510,"(50, 70)","(0, 20)"
21,Puebla,21114,Puebla,2111400013525,3525,"(18, 34)","(0, 20)"
21,Puebla,21114,Puebla,211140001353A,353A,"(34, 50)","(0, 20)"
21,Puebla,21114,Puebla,2111400013544,3544,"(50, 70)","(0, 20)"
21,Puebla,21114,Puebla,2111400013559,3559,"(0, 18)","(0, 20)"
21,Puebla,21114,Puebla,2111400013563,3563,"(0, 18)","(0, 20)"
21,Puebla,21114,Puebla,2111400013578,3578,"(18, 34)","(0, 20)"
21,Puebla,21114,Puebla,2111400013582,3582,"(34, 50)","(0, 20)"
21,Puebla,21114,Puebla,2111400013597,3597,"(34, 50)","(0, 20)"
21,Puebla,21114,Puebla,211140001360A,360A,"(34, 50)","(0, 20)"
21,Puebla,21114,Puebla,2111400013614,3614,"(34, 50)","(0, 20)"
21,Puebla,21114,Puebla,2111400013629,3629,"(18, 34)","(0, 20)"
21,Puebla,21114,Puebla,2111400013633,3633,"(18, 34)","(0, 20)"
21,Puebla,21114,Puebla,2111400013648,3648,"(34, 50)","(0, 20)"
21,Puebla,21114,Puebla,2111400013652,3652,"(0, 18)","(0, 20)"
21,Puebla,21114,Puebla,2111400013667,3667,"(34, 50)","(0, 20)"
21,Puebla,21114,Puebla,2111400013671,3671,"(34, 50)","(0, 20)"
21,Puebla,21114,Puebla,2111400013686,3686,"(18, 34)","(0, 20)"
21,Puebla,21114,Puebla,2111400013690,3690,"(0, 18)","(0, 20)"
21,Puebla,21114,Puebla,2111400013703,3703,"(50, 70)","(0, 20)"
21,Puebla,21114,Puebla,2111400013718,3718,"(18, 34)","(0, 20)"
21,Puebla,21114,Puebla,2111400013722,3722,"(18, 34)","(0, 20)"
21,Puebla,21114,Puebla,2111400013737,3737,"(18, 34)","(0, 20)"
21,Puebla,21114,Puebla,2111400013741,3741,"(0, 18)","(0, 20)"
21,Puebla,21114,Puebla,2111400013756,3756,"(0, 18)","(0, 20)"
21,Puebla,21114,Puebla,2111400013760,3760,"(18, 34)","(0, 20)"
21,Puebla,21114,Puebla,2111400013775,3775,"(18, 34)","(0, 20)"
21,Puebla,21114,Puebla,211140001378A,378A,"(34, 50)","(0, 20)"
21,Puebla,21114,Puebla,2111400013794,3794,"(0, 18)","(0, 20)"
21,Puebla,21114,Puebla,2111400013807,3807,"(0, 18)","(0, 20)"
21,Puebla,21114,Puebla,2111400013811,3811,"(0, 18)","(0, 20)"
21,Puebla,21114,Puebla,2111400013826,3826,"(18, 34)","(0, 20)"
21,Puebla,21114,Puebla,2111400013830,3830,"(50, 70)","(0, 20)"
21,Puebla,21114,Puebla,2111400013845,3845,"(34, 50)","(0, 20)"
21,Puebla,21114,Puebla,211140001385A,385A,"(18, 34)","(0, 20)"
21,Puebla,21114,Puebla,2111400013864,3864,"(18, 34)","(0, 20)"
21,Puebla,21114,Puebla,2111400013879,3879,"(18, 34)","(0, 20)"
21,Puebla,21114,Puebla,2111400013883,3883,"(34, 50)","(0, 20)"
21,Puebla,21114,Puebla,2111400013898,3898,"(34, 50)","(0, 20)"
21,Puebla,21114,Puebla,2111400013900,3900,"(34, 50)","(0, 20)"
21,Puebla,21114,Puebla,2111400013915,3915,"(18, 34)","(0, 20)"
21,Puebla,21114,Puebla,211140001392A,392A,"(0, 18)","(0, 20)"
21,Puebla,21114,Puebla,2111400013934,3934,"(50, 70)","(0, 20)"
21,Puebla,21114,Puebla,2111400013949,3949,"(18, 34)","(0, 20)"
21,Puebla,21114,Puebla,2111400013953,3953,"(34, 50)","(0, 20)"
21,Puebla,21114,Puebla,2111400013968,3968,"(34, 50)","(0, 20)"
21,Puebla,21114,Puebla,2111400013972,3972,"(18, 34)","(0, 20)"
21,Puebla,21114,Puebla,2111400013987,3987,"(34, 50)","(0, 20)"
21,Puebla,21114,Puebla,2111400013991,3991,"(0, 18)","(0, 20)"
21,Puebla,21114,Puebla,2111400014006,4006,"(0, 18)","(0, 20)"
21,Puebla,21114,Puebla,2111400014010,4010,"(0, 18)","(0, 20)"
21,Puebla,21114,Puebla,2111400014025,4025,"(34, 50)","(0, 20)"
21,Puebla,21114,Puebla,211140001403A,403A,"(34, 50)","(0, 20)"
21,Puebla,21114,Puebla,2111400014044,4044,"(34, 50)","(0, 20)"
21,Puebla,21114,Puebla,2111400014059,4059,"(34, 50)","(0, 20)"
21,Puebla,21114,Puebla,2111400014063,4063,"(18, 34)","(0, 20)"
21,Puebla,21114,Puebla,2111400014078,4078,"(34, 50)","(0, 20)"
21,Puebla,21114,Puebla,2111400014082,4082,"(18, 34)","(0, 20)"
21,Puebla,21114,Puebla,2111400014097,4097,"(50, 70)","(0, 20)"
21,Puebla,21114,Puebla,211140001410A,410A,"(18, 34)","(0, 20)"
21,Puebla,21114,Puebla,2111400014114,4114,"(18, 34)","(0, 20)"
21,Puebla,21114,Puebla,2111400014129,4129,"(18, 34)","(0, 20)"
21,Puebla,21114,Puebla,2111400014133,4133,"(0, 18)","(0, 20)"
21,Puebla,21114,Puebla,2111400014148,4148,"(18, 34)","(0, 20)"
21,Puebla,21114,Puebla,2111400014152,4152,"(18, 34)","(0, 20)"
21,Puebla,21114,Puebla,2111400014167,4167,"(34, 50)","(0, 20)"
21,Puebla,21114,Puebla,2111400014171,4171,"(34, 50)","(0, 20)"
21,Puebla,21114,Puebla,2111400014186,4186,"(34, 50)","(0, 20)"
21,Puebla,21114,Puebla,2111400014190,4190,"(18, 34)","(0, 20)"
21,Puebla,21114,Puebla,2111400014203,4203,"(0, 18)","(0, 20)"
21,Puebla,21114,Puebla,2111400014218,4218,"(18, 34)","(0, 20)"
21,Puebla,21114,Puebla,2111400014222,4222,"(18, 34)","(0, 20)"
21,Puebla,21114,Puebla,2111400014237,4237,"(0, 18)","(0, 20)"
21,Puebla,21114,Puebla,2111400014241,4241,"(18, 34)","(0, 20)"
21,Puebla,21114,Puebla,2111400014256,4256,"(34, 50)","(0, 20)"
21,Puebla,21114,Puebla,2111400014260,4260,"(50, 70)","(0, 20)"
21,Puebla,21114,Puebla,2111400014275,4275,"(34, 50)","(0, 20)"
21,Puebla,21114,Puebla,211140001428A,428A,"(18, 34)","(0, 20)"
21,Puebla,21114,Puebla,2111400014294,4294,"(18, 34)","(0, 20)"
21,Puebla,21114,Puebla,2111400014307,4307,"(34, 50)","(0, 20)"
21,Puebla,21114,Puebla,2111400014311,4311,"(34, 50)","(0, 20)"
21,Puebla,21114,Puebla,2111400014326,4326,"(50, 70)","(0, 20)"
21,Puebla,21114,Puebla,2111400014330,4330,"(18, 34)","(0, 20)"
21,Puebla,21114,Puebla,2111400014345,4345,"(50, 70)","(0, 20)"
21,Puebla,21114,Puebla,211140001435A,435A,"(34, 50)","(0, 20)"
21,Puebla,21114,Puebla,2111400014364,4364,"(70, 100)","(20, 50)"
21,Puebla,21114,Puebla,2111400014379,4379,"(34, 50)","(0, 20)"
21,Puebla,21114,Puebla,2111400014383,4383,"(50, 70)","(0, 20)"
21,Puebla,21114,Puebla,2111400014400,4400,"(50, 70)","(0, 20)"
21,Puebla,21114,Puebla,2111400014415,4415,"(18, 34)","(0, 20)"
21,Puebla,21114,Puebla,211140001442A,442A,"(34, 50)","(0, 20)"
21,Puebla,21114,Puebla,2111400014434,4434,"(34, 50)","(0, 20)"
21,Puebla,21114,Puebla,2111400014449,4449,"(50, 70)","(0, 20)"
21,Puebla,21114,Puebla,2111400014453,4453,"(34, 50)","(0, 20)"
21,Puebla,21114,Puebla,2111400014468,4468,"(34, 50)","(0, 20)"
21,Puebla,21114,Puebla,2111400014472,4472,"(18, 34)","(0, 20)"
21,Puebla,21114,Puebla,2111400014491,4491,"(50, 70)","(0, 20)"
21,Puebla,21114,Puebla,2111400014504,4504,"(50, 70)","(0, 20)"
21,Puebla,21114,Puebla,2111400014519,4519,"(34, 50)","(0, 20)"
21,Puebla,21114,Puebla,2111400014523,4523,"(50, 70)","(0, 20)"
21,Puebla,21114,Puebla,2111400014538,4538,"(50, 70)","(0, 20)"
21,Puebla,21114,Puebla,2111400014542,4542,"(34, 50)","(0, 20)"
21,Puebla,21114,Puebla,2111400014557,4557,"(34, 50)","(0, 20)"
21,Puebla,21114,Puebla,2111400014561,4561,"(34, 50)","(0, 20)"
21,Puebla,21114,Puebla,2111400014576,4576,"(18, 34)","(0, 20)"
21,Puebla,21114,Puebla,2111400014580,4580,"(18, 34)","(0, 20)"
21,Puebla,21114,Puebla,2111400014608,4608,"(50, 70)","(0, 20)"
21,Puebla,21114,Puebla,2111400014612,4612,"(18, 34)","(0, 20)"
21,Puebla,21114,Puebla,2111400014627,4627,"(0, 18)","(0, 20)"
21,Puebla,21114,Puebla,2111400014631,4631,"(18, 34)","(0, 20)"
21,Puebla,21114,Puebla,2111400014646,4646,"(18, 34)","(0, 20)"
21,Puebla,21114,Puebla,2111400014650,4650,"(18, 34)","(0, 20)"
21,Puebla,21114,Puebla,211140001467A,467A,"(50, 70)","(0, 20)"
21,Puebla,21114,Puebla,2111400014684,4684,"(50, 70)","(0, 20)"
21,Puebla,21114,Puebla,2111400014716,4716,"(18, 34)","(0, 20)"
21,Puebla,21114,Puebla,2111400014720,4720,"(50, 70)","(0, 20)"
21,Puebla,21114,Puebla,211140001474A,474A,"(34, 50)","(0, 20)"
21,Puebla,21114,Puebla,2111400014754,4754,"(18, 34)","(0, 20)"
21,Puebla,21114,Puebla,2111400014769,4769,"(0, 18)","(0, 20)"
21,Puebla,21114,Puebla,2111400014773,4773,"(18, 34)","(0, 20)"
21,Puebla,21114,Puebla,2111400014788,4788,"(34, 50)","(0, 20)"
21,Puebla,21114,Puebla,2111400014792,4792,"(34, 50)","(0, 20)"
21,Puebla,21114,Puebla,2111400014805,4805,"(34, 50)","(0, 20)"
21,Puebla,21114,Puebla,211140001481A,481A,"(34, 50)","(0, 20)"
21,Puebla,21114,Puebla,2111400014824,4824,"(18, 34)","(0, 20)"
21,Puebla,21114,Puebla,2111400014839,4839,"(34, 50)","(0, 20)"
21,Puebla,21114,Puebla,2111400014843,4843,"(50, 70)","(0, 20)"
21,Puebla,21114,Puebla,2111400014862,4862,"(70, 100)","(0, 20)"
21,Puebla,21114,Puebla,2111400014881,4881,"(50, 70)","(0, 20)"
21,Puebla,21114,Puebla,2111400014896,4896,"(50, 70)","(0, 20)"
21,Puebla,21114,Puebla,2111400014909,4909,"(34, 50)","(0, 20)"
21,Puebla,21114,Puebla,2111400014928,4928,"(34, 50)","(0, 20)"
21,Puebla,21114,Puebla,2111400014932,4932,"(50, 70)","(0, 20)"
21,Puebla,21114,Puebla,2111400014947,4947,"(70, 100)","(0, 20)"
21,Puebla,21114,Puebla,2111400014951,4951,"(50, 70)","(0, 20)"
21,Puebla,21114,Puebla,2111400014966,4966,"(70, 100)","(0, 20)"
21,Puebla,21114,Puebla,2111400014970,4970,"(70, 100)","(0, 20)"
21,Puebla,21114,Puebla,211140001499A,499A,"(50, 70)","(0, 20)"
21,Puebla,21114,Puebla,2111400015004,5004,"(34, 50)","(0, 20)"
21,Puebla,21114,Puebla,2111400015019,5019,"(34, 50)","(0, 20)"
21,Puebla,21114,Puebla,2111400015023,5023,"(34, 50)","(0, 20)"
21,Puebla,21114,Puebla,2111400015038,5038,"(0, 18)","(0, 20)"
21,Puebla,21114,Puebla,2111400015042,5042,"(70, 100)","(0, 20)"
21,Puebla,21114,Puebla,2111400015061,5061,"(70, 100)","(0, 20)"
21,Puebla,21114,Puebla,2111400015080,5080,"(70, 100)","(0, 20)"
21,Puebla,21114,Puebla,2111400015095,5095,"(34, 50)","(0, 20)"
21,Puebla,21114,Puebla,2111400015150,5150,"(0, 18)","(0, 20)"
21,Puebla,21114,Puebla,2111400015165,5165,"(18, 34)","(0, 20)"
21,Puebla,21114,Puebla,211140001517A,517A,"(0, 18)","(0, 20)"
21,Puebla,21114,Puebla,2111400015184,5184,"(34, 50)","(0, 20)"
21,Puebla,21114,Puebla,2111400015199,5199,"(34, 50)","(0, 20)"
21,Puebla,21114,Puebla,2111400015201,5201,"(18, 34)","(0, 20)"
21,Puebla,21114,Puebla,2111400015216,5216,"(18, 34)","(0, 20)"
21,Puebla,21114,Puebla,2111400015220,5220,"(0, 18)","(0, 20)"
21,Puebla,21114,Puebla,2111400015235,5235,"(34, 50)","(0, 20)"
21,Puebla,21114,Puebla,211140001524A,524A,"(18, 34)","(0, 20)"
21,Puebla,21114,Puebla,2111400015254,5254,"(0, 18)","(0, 20)"
21,Puebla,21114,Puebla,2111400015269,5269,"(34, 50)","(0, 20)"
21,Puebla,21114,Puebla,2111400015273,5273,"(0, 18)","(0, 20)"
21,Puebla,21114,Puebla,2111400015305,5305,"(18, 34)","(0, 20)"
21,Puebla,21114,Puebla,211140001531A,531A,"(34, 50)","(0, 20)"
21,Puebla,21114,Puebla,2111400015324,5324,"(18, 34)","(0, 20)"
21,Puebla,21114,Puebla,2111400015339,5339,"(18, 34)","(0, 20)"
21,Puebla,21114,Puebla,2111400015343,5343,"(18, 34)","(0, 20)"
21,Puebla,21114,Puebla,2111400015358,5358,"(0, 18)","(0, 20)"
21,Puebla,21114,Puebla,2111400015362,5362,"(34, 50)","(0, 20)"
21,Puebla,21114,Puebla,2111400015381,5381,"(34, 50)","(0, 20)"
21,Puebla,21114,Puebla,2111400015396,5396,"(34, 50)","(0, 20)"
21,Puebla,21114,Puebla,2111400015409,5409,"(18, 34)","(0, 20)"
21,Puebla,21114,Puebla,2111400015413,5413,"(50, 70)","(0, 20)"
21,Puebla,21114,Puebla,2111400015428,5428,"(34, 50)","(0, 20)"
21,Puebla,21114,Puebla,2111400015432,5432,"(34, 50)","(0, 20)"
21,Puebla,21114,Puebla,2111400015447,5447,"(50, 70)","(0, 20)"
21,Puebla,21114,Puebla,2111400015451,5451,"(50, 70)","(0, 20)"
21,Puebla,21114,Puebla,2111400015466,5466,"(70, 100)","(0, 20)"
21,Puebla,21114,Puebla,2111400015470,5470,"(50, 70)","(0, 20)"
21,Puebla,21114,Puebla,2111400015485,5485,"(34, 50)","(0, 20)"
21,Puebla,21114,Puebla,211140001549A,549A,"(50, 70)","(0, 20)"
21,Puebla,21114,Puebla,2111400015502,5502,"(50, 70)","(0, 20)"
21,Puebla,21114,Puebla,2111400015517,5517,"(70, 100)","(20, 50)"
21,Puebla,21114,Puebla,2111400015521,5521,"(50, 70)","(0, 20)"
21,Puebla,21114,Puebla,2111400015536,5536,"(50, 70)","(0, 20)"
21,Puebla,21114,Puebla,2111400015540,5540,"(50, 70)","(0, 20)"
21,Puebla,21114,Puebla,2111400015555,5555,"(70, 100)","(0, 20)"
21,Puebla,21114,Puebla,211140001556A,556A,"(50, 70)","(0, 20)"
21,Puebla,21114,Puebla,2111400015574,5574,"(50, 70)","(0, 20)"
21,Puebla,21114,Puebla,2111400015589,5589,"(18, 34)","(0, 20)"
21,Puebla,21114,Puebla,2111400015593,5593,"(50, 70)","(0, 20)"
21,Puebla,21114,Puebla,2111400015606,5606,"(34, 50)","(0, 20)"
21,Puebla,21114,Puebla,2111400015610,5610,"(50, 70)","(0, 20)"
21,Puebla,21114,Puebla,2111400015625,5625,"(70, 100)","(0, 20)"
21,Puebla,21114,Puebla,2111400015663,5663,"(50, 70)","(0, 20)"
21,Puebla,21114,Puebla,2111400015678,5678,"(34, 50)","(0, 20)"
21,Puebla,21114,Puebla,2111400015682,5682,"(50, 70)","(0, 20)"
21,Puebla,21114,Puebla,2111400015697,5697,"(70, 100)","(20, 50)"
21,Puebla,21114,Puebla,211140001570A,570A,"(70, 100)","(0, 20)"
21,Puebla,21114,Puebla,2111400015714,5714,"(18, 34)","(0, 20)"
21,Puebla,21114,Puebla,2111400015729,5729,"(50, 70)","(0, 20)"
21,Puebla,21114,Puebla,2111400015733,5733,"(34, 50)","(0, 20)"
21,Puebla,21114,Puebla,2111400015748,5748,"(50, 70)","(0, 20)"
21,Puebla,21114,Puebla,2111400015752,5752,"(70, 100)","(0, 20)"
21,Puebla,21114,Puebla,2111400015767,5767,"(70, 100)","(0, 20)"
21,Puebla,21114,Puebla,2111400015771,5771,"(34, 50)","(0, 20)"
21,Puebla,21114,Puebla,2111400015786,5786,"(50, 70)","(0, 20)"
21,Puebla,21114,Puebla,2111400015790,5790,"(50, 70)","(0, 20)"
21,Puebla,21114,Puebla,2111400015803,5803,"(18, 34)","(0, 20)"
21,Puebla,21114,Puebla,2111400015818,5818,"(18, 34)","(0, 20)"
21,Puebla,21114,Puebla,2111400015822,5822,"(18, 34)","(0, 20)"
21,Puebla,21114,Puebla,2111400015837,5837,"(50, 70)","(0, 20)"
21,Puebla,21114,Puebla,2111400015841,5841,"(18, 34)","(0, 20)"
21,Puebla,21114,Puebla,2111400015856,5856,"(34, 50)","(0, 20)"
21,Puebla,21114,Puebla,2111400015860,5860,"(34, 50)","(0, 20)"
21,Puebla,21114,Puebla,2111400015875,5875,"(18, 34)","(0, 20)"
21,Puebla,21114,Puebla,211140001588A,588A,"(18, 34)","(0, 20)"
21,Puebla,21114,Puebla,2111400015894,5894,"(18, 34)","(0, 20)"
21,Puebla,21114,Puebla,2111400015907,5907,"(34, 50)","(0, 20)"
21,Puebla,21114,Puebla,2111400015911,5911,"(50, 70)","(0, 20)"
21,Puebla,21114,Puebla,2111400015926,5926,"(34, 50)","(0, 20)"
21,Puebla,21114,Puebla,2111400015930,5930,"(0, 18)","(0, 20)"
21,Puebla,21114,Puebla,2111400015945,5945,"(34, 50)","(0, 20)"
21,Puebla,21114,Puebla,2111400015983,5983,"(0, 18)","(0, 20)"
21,Puebla,21114,Puebla,2111400015998,5998,"(18, 34)","(0, 20)"
21,Puebla,21114,Puebla,2111400016002,6002,"(70, 100)","(20, 50)"
21,Puebla,21114,Puebla,2111400016017,6017,"(50, 70)","(0, 20)"
21,Puebla,21114,Puebla,2111400016021,6021,"(18, 34)","(0, 20)"
21,Puebla,21114,Puebla,2111400016040,6040,"(18, 34)","(0, 20)"
21,Puebla,21114,Puebla,2111400016055,6055,"(50, 70)","(0, 20)"
21,Puebla,21114,Puebla,211140001606A,606A,"(50, 70)","(0, 20)"
21,Puebla,21114,Puebla,2111400016074,6074,"(70, 100)","(0, 20)"
21,Puebla,21114,Puebla,2111400016089,6089,"(50, 70)","(0, 20)"
21,Puebla,21114,Puebla,2111400016093,6093,"(70, 100)","(0, 20)"
21,Puebla,21114,Puebla,2111400016106,6106,"(50, 70)","(0, 20)"
21,Puebla,21114,Puebla,2111400016110,6110,"(50, 70)","(0, 20)"
21,Puebla,21114,Puebla,2111400016125,6125,"(50, 70)","(0, 20)"
21,Puebla,21114,Puebla,211140001613A,613A,"(34, 50)","(0, 20)"
21,Puebla,21114,Puebla,2111400016144,6144,"(18, 34)","(0, 20)"
21,Puebla,21114,Puebla,2111400016159,6159,"(50, 70)","(0, 20)"
21,Puebla,21114,Puebla,2111400016163,6163,"(50, 70)","(0, 20)"
21,Puebla,21114,Puebla,2111400016178,6178,"(70, 100)","(0, 20)"
21,Puebla,21114,Puebla,2111400016182,6182,"(50, 70)","(0, 20)"
21,Puebla,21114,Puebla,2111400016197,6197,"(34, 50)","(0, 20)"
21,Puebla,21114,Puebla,211140001620A,620A,"(70, 100)","(20, 50)"
21,Puebla,21114,Puebla,2111400016214,6214,"(70, 100)","(0, 20)"
21,Puebla,21114,Puebla,2111400016252,6252,"(50, 70)","(0, 20)"
21,Puebla,21114,Puebla,2111400016267,6267,"(34, 50)","(0, 20)"
21,Puebla,21114,Puebla,2111400016271,6271,"(34, 50)","(0, 20)"
21,Puebla,21114,Puebla,2111400016286,6286,"(0, 18)","(0, 20)"
21,Puebla,21114,Puebla,2111400016290,6290,"(0, 18)","(0, 20)"
21,Puebla,21114,Puebla,2111400016303,6303,"(0, 18)","(0, 20)"
21,Puebla,21114,Puebla,2111400016318,6318,"(0, 18)","(0, 20)"
21,Puebla,21114,Puebla,2111400016322,6322,"(70, 100)","(0, 20)"
21,Puebla,21114,Puebla,2111400016337,6337,"(34, 50)","(0, 20)"
21,Puebla,21114,Puebla,2111400016341,6341,"(0, 18)","(0, 20)"
21,Puebla,21114,Puebla,2111400016356,6356,"(18, 34)","(0, 20)"
21,Puebla,21114,Puebla,2111400016360,6360,"(50, 70)","(0, 20)"
21,Puebla,21114,Puebla,2111400016375,6375,"(70, 100)","(0, 20)"
21,Puebla,21114,Puebla,211140001638A,638A,"(70, 100)","(0, 20)"
21,Puebla,21114,Puebla,2111400016394,6394,"(70, 100)","(0, 20)"
21,Puebla,21114,Puebla,2111400016407,6407,"(34, 50)","(0, 20)"
21,Puebla,21114,Puebla,2111400016411,6411,"(18, 34)","(0, 20)"
21,Puebla,21114,Puebla,2111400016445,6445,"(70, 100)","(0, 20)"
21,Puebla,21114,Puebla,211140001645A,645A,"(18, 34)","(0, 20)"
21,Puebla,21114,Puebla,2111400016464,6464,"(50, 70)","(0, 20)"
21,Puebla,21114,Puebla,2111400016479,6479,"(0, 18)","(0, 20)"
21,Puebla,21114,Puebla,2111400016483,6483,"(50, 70)","(0, 20)"
21,Puebla,21114,Puebla,2111400016498,6498,"(0, 18)","(0, 20)"
21,Puebla,21114,Puebla,2111400016500,6500,"(18, 34)","(0, 20)"
21,Puebla,21114,Puebla,2111400016515,6515,"(0, 18)","(0, 20)"
21,Puebla,21114,Puebla,211140001652A,652A,"(70, 100)","(0, 20)"
21,Puebla,21114,Puebla,2111400016534,6534,"(70, 100)","(0, 20)"
21,Puebla,21114,Puebla,2111400016549,6549,"(70, 100)","(0, 20)"
21,Puebla,21114,Puebla,2111400016553,6553,"(70, 100)","(0, 20)"
21,Puebla,21114,Puebla,2111400016587,6587,"(70, 100)","(0, 20)"
21,Puebla,21114,Puebla,2111400016591,6591,"(18, 34)","(0, 20)"
21,Puebla,21114,Puebla,2111400016604,6604,"(50, 70)","(0, 20)"
21,Puebla,21114,Puebla,2111400016619,6619,"(34, 50)","(0, 20)"
21,Puebla,21114,Puebla,2111400016623,6623,"(70, 100)","(20, 50)"
21,Puebla,21114,Puebla,2111400016638,6638,"(70, 100)","(20, 50)"
21,Puebla,21114,Puebla,2111400016642,6642,"(70, 100)","(0, 20)"
21,Puebla,21114,Puebla,2111400016661,6661,"(50, 70)","(0, 20)"
21,Puebla,21114,Puebla,2111400016676,6676,"(50, 70)","(0, 20)"
21,Puebla,21114,Puebla,2111400016680,6680,"(34, 50)","(0, 20)"
21,Puebla,21114,Puebla,2111400016746,6746,"(50, 70)","(0, 20)"
21,Puebla,21114,Puebla,2111401335108,5108,"(70, 100)","(0, 20)"
21,Puebla,21114,Puebla,2111401335112,5112,"(70, 100)","(20, 50)"
21,Puebla,21114,Puebla,2111401901016,1016,"(70, 100)","(20, 50)"
21,Puebla,21114,Puebla,2111401906568,6568,"(70, 100)","(20, 50)"
21,Puebla,21114,Puebla,2111401943258,3258,"(70, 100)","(0, 20)"
21,Puebla,21114,Puebla,2111401963239,3239,"(50, 70)","(0, 20)"
21,Puebla,21114,Puebla,2111402110959,0959,"(70, 100)","(0, 20)"
21,Puebla,21114,Puebla,2111402186248,6248,"(34, 50)","(0, 20)"
21,Puebla,21114,Puebla,2111402325659,5659,"(70, 100)","(0, 20)"
21,Puebla,21114,Puebla,2111403596426,6426,"(50, 70)","(0, 20)"
21,Puebla,21114,Puebla,2111403596430,6430,"(50, 70)","(0, 20)"
21,Puebla,21114,Puebla,2111404886712,6712,"(18, 34)","(0, 20)"
21,Puebla,21114,Puebla,2111404886727,6727,"(34, 50)","(0, 20)"
21,Puebla,21119,San Andrés Cholula,2111900010052,0052,"(50, 70)","(0, 20)"
21,Puebla,21119,San Andrés Cholula,2111900010086,0086,"(50, 70)","(0, 20)"
21,Puebla,21119,San Andrés Cholula,2111900010090,0090,"(18, 34)","(0, 20)"
21,Puebla,21119,San Andrés Cholula,2111900010156,0156,"(34, 50)","(0, 20)"
21,Puebla,21119,San Andrés Cholula,2111900010160,0160,"(50, 70)","(0, 20)"
21,Puebla,21119,San Andrés Cholula,2111900010207,0207,"(50, 70)","(0, 20)"
21,Puebla,21119,San Andrés Cholula,2111900010211,0211,"(50, 70)","(0, 20)"
21,Puebla,21119,San Andrés Cholula,2111900010226,0226,"(50, 70)","(0, 20)"
21,Puebla,21119,San Andrés Cholula,2111900010230,0230,"(50, 70)","(0, 20)"
21,Puebla,21119,San Andrés Cholula,2111900010264,0264,"(34, 50)","(0, 20)"
21,Puebla,21119,San Andrés Cholula,2111900010279,0279,"(18, 34)","(0, 20)"
21,Puebla,21119,San Andrés Cholula,2111900010404,0404,"(0, 18)","(0, 20)"
21,Puebla,21119,San Andrés Cholula,2111900010512,0512,"(34, 50)","(0, 20)"
21,Puebla,21119,San Andrés Cholula,2111900090033,0033,"(70, 100)","(0, 20)"
21,Puebla,21119,San Andrés Cholula,2111900090137,0137,"(50, 70)","(0, 20)"
21,Puebla,21119,San Andrés Cholula,2111900130029,0029,"(50, 70)","(0, 20)"
21,Puebla,21119,San Andrés Cholula,2111900130141,0141,"(50, 70)","(0, 20)"
21,Puebla,21119,San Andrés Cholula,2111900130298,0298,"(0, 18)","(0, 20)"
21,Puebla,21119,San Andrés Cholula,2111900130300,0300,"(18, 34)","(0, 20)"
21,Puebla,21119,San Andrés Cholula,2111900130315,0315,"(18, 34)","(0, 20)"
21,Puebla,21119,San Andrés Cholula,211190013032A,032A,"(50, 70)","(0, 20)"
21,Puebla,21119,San Andrés Cholula,2111900130349,0349,"(34, 50)","(0, 20)"
21,Puebla,21119,San Andrés Cholula,2111900130353,0353,"(50, 70)","(0, 20)"
21,Puebla,21119,San Andrés Cholula,2111900130368,0368,"(0, 18)","(0, 20)"
21,Puebla,21119,San Andrés Cholula,2111900130372,0372,"(0, 18)","(0, 20)"
21,Puebla,21119,San Andrés Cholula,2111900130419,0419,"(18, 34)","(0, 20)"
21,Puebla,21119,San Andrés Cholula,2111900130423,0423,"(0, 18)","(0, 20)"
21,Puebla,21119,San Andrés Cholula,2111900130438,0438,"(18, 34)","(0, 20)"
21,Puebla,21119,San Andrés Cholula,2111900130442,0442,"(0, 18)","(0, 20)"
21,Puebla,21119,San Andrés Cholula,2111900130457,0457,"(0, 18)","(0, 20)"
21,Puebla,21119,San Andrés Cholula,2111900130476,0476,"(50, 70)","(0, 20)"
21,Puebla,21119,San Andrés Cholula,2111900130480,0480,"(0, 18)","(0, 20)"
21,Puebla,21119,San Andrés Cholula,2111900130495,0495,"(0, 18)","(0, 20)"
21,Puebla,21119,San Andrés Cholula,2111900130508,0508,"(0, 18)","(0, 20)"
21,Puebla,21119,San Andrés Cholula,2111900130527,0527,"(50, 70)","(0, 20)"
21,Puebla,21119,San Andrés Cholula,2111900130531,0531,"(0, 18)","(0, 20)"
21,Puebla,21119,San Andrés Cholula,2111900130546,0546,"(18, 34)","(0, 20)"
21,Puebla,21119,San Andrés Cholula,2111900130550,0550,"(0, 18)","(0, 20)"
21,Puebla,21119,San Andrés Cholula,2111900130565,0565,"(0, 18)","(0, 20)"
21,Puebla,21119,San Andrés Cholula,211190013057A,057A,"(0, 18)","(0, 20)"
21,Puebla,21119,San Andrés Cholula,2111900130584,0584,"(18, 34)","(0, 20)"
21,Puebla,21119,San Andrés Cholula,2111900130599,0599,"(18, 34)","(0, 20)"
21,Puebla,21119,San Andrés Cholula,2111900130601,0601,"(18, 34)","(0, 20)"
21,Puebla,21119,San Andrés Cholula,2111900130616,0616,"(34, 50)","(0, 20)"
21,Puebla,21119,San Andrés Cholula,2111900130620,0620,"(18, 34)","(0, 20)"
21,Puebla,21119,San Andrés Cholula,2111900130635,0635,"(0, 18)","(0, 20)"
21,Puebla,21132,San Martín Texmelucan,2113200010020,0020,"(34, 50)","(0, 20)"
21,Puebla,21132,San Martín Texmelucan,211320001004A,004A,"(34, 50)","(0, 20)"
21,Puebla,21132,San Martín Texmelucan,2113200010054,0054,"(50, 70)","(0, 20)"
21,Puebla,21132,San Martín Texmelucan,2113200010177,0177,"(50, 70)","(0, 20)"
21,Puebla,21132,San Martín Texmelucan,2113200010209,0209,"(18, 34)","(0, 20)"
21,Puebla,21132,San Martín Texmelucan,2113200010213,0213,"(34, 50)","(0, 20)"
21,Puebla,21132,San Martín Texmelucan,2113200010247,0247,"(34, 50)","(0, 20)"
21,Puebla,21132,San Martín Texmelucan,2113200010321,0321,"(34, 50)","(0, 20)"
21,Puebla,21132,San Martín Texmelucan,2113200010336,0336,"(34, 50)","(0, 20)"
21,Puebla,21132,San Martín Texmelucan,2113200010340,0340,"(50, 70)","(0, 20)"
21,Puebla,21132,San Martín Texmelucan,2113200010355,0355,"(50, 70)","(0, 20)"
21,Puebla,21132,San Martín Texmelucan,211320001036A,036A,"(50, 70)","(0, 20)"
21,Puebla,21132,San Martín Texmelucan,2113200010374,0374,"(50, 70)","(0, 20)"
21,Puebla,21132,San Martín Texmelucan,2113200010389,0389,"(50, 70)","(0, 20)"
21,Puebla,21132,San Martín Texmelucan,2113200010393,0393,"(50, 70)","(0, 20)"
21,Puebla,21132,San Martín Texmelucan,2113200010406,0406,"(34, 50)","(0, 20)"
21,Puebla,21132,San Martín Texmelucan,2113200010410,0410,"(50, 70)","(0, 20)"
21,Puebla,21132,San Martín Texmelucan,2113200010425,0425,"(34, 50)","(0, 20)"
21,Puebla,21132,San Martín Texmelucan,2113200010529,0529,"(70, 100)","(0, 20)"
21,Puebla,21132,San Martín Texmelucan,2113200010533,0533,"(50, 70)","(0, 20)"
21,Puebla,21132,San Martín Texmelucan,2113200010548,0548,"(50, 70)","(0, 20)"
21,Puebla,21132,San Martín Texmelucan,2113200010552,0552,"(50, 70)","(0, 20)"
21,Puebla,21132,San Martín Texmelucan,2113200010567,0567,"(50, 70)","(0, 20)"
21,Puebla,21132,San Martín Texmelucan,2113200010656,0656,"(70, 100)","(0, 20)"
21,Puebla,21132,San Martín Texmelucan,2113200010660,0660,"(50, 70)","(0, 20)"
21,Puebla,21132,San Martín Texmelucan,2113200010675,0675,"(70, 100)","(0, 20)"
21,Puebla,21132,San Martín Texmelucan,211320001068A,068A,"(70, 100)","(0, 20)"
21,Puebla,21132,San Martín Texmelucan,2113200010707,0707,"(70, 100)","(0, 20)"
21,Puebla,21132,San Martín Texmelucan,2113200040637,0637,"(70, 100)","(0, 20)"
21,Puebla,21132,San Martín Texmelucan,2113200080641,0641,"(70, 100)","(0, 20)"
21,Puebla,21132,San Martín Texmelucan,2113200090158,0158,"(50, 70)","(0, 20)"
21,Puebla,21132,San Martín Texmelucan,2113200100124,0124,"(70, 100)","(0, 20)"
21,Puebla,21132,San Martín Texmelucan,2113200100251,0251,"(70, 100)","(0, 20)"
21,Puebla,21132,San Martín Texmelucan,2113200100266,0266,"(70, 100)","(0, 20)"
21,Puebla,21132,San Martín Texmelucan,2113200130181,0181,"(70, 100)","(0, 20)"
21,Puebla,21132,San Martín Texmelucan,2113200130285,0285,"(70, 100)","(0, 20)"
21,Puebla,21132,San Martín Texmelucan,211320013029A,029A,"(34, 50)","(0, 20)"
21,Puebla,21132,San Martín Texmelucan,2113200130444,0444,"(70, 100)","(0, 20)"
21,Puebla,21132,San Martín Texmelucan,2113200150463,0463,"(70, 100)","(0, 20)"
21,Puebla,21132,San Martín Texmelucan,2113200150482,0482,"(50, 70)","(0, 20)"
21,Puebla,21132,San Martín Texmelucan,2113200150497,0497,"(50, 70)","(0, 20)"
21,Puebla,21132,San Martín Texmelucan,2113200150586,0586,"(70, 100)","(0, 20)"
21,Puebla,21132,San Martín Texmelucan,2113200150603,0603,"(70, 100)","(0, 20)"
21,Puebla,21132,San Martín Texmelucan,2113200150622,0622,"(70, 100)","(0, 20)"
21,Puebla,21140,San Pedro Cholula,2114000010056,0056,"(18, 34)","(0, 20)"
21,Puebla,21140,San Pedro Cholula,2114000010060,0060,"(34, 50)","(0, 20)"
21,Puebla,21140,San Pedro Cholula,211400001008A,008A,"(70, 100)","(0, 20)"
21,Puebla,21140,San Pedro Cholula,211400001015A,015A,"(50, 70)","(0, 20)"
21,Puebla,21140,San Pedro Cholula,2114000010164,0164,"(70, 100)","(20, 50)"
21,Puebla,21140,San Pedro Cholula,2114000010179,0179,"(70, 100)","(0, 20)"
21,Puebla,21140,San Pedro Cholula,2114000010183,0183,"(50, 70)","(0, 20)"
21,Puebla,21140,San Pedro Cholula,211400001022A,022A,"(50, 70)","(0, 20)"
21,Puebla,21140,San Pedro Cholula,2114000010234,0234,"(34, 50)","(0, 20)"
21,Puebla,21140,San Pedro Cholula,2114000010249,0249,"(70, 100)","(0, 20)"
21,Puebla,21140,San Pedro Cholula,2114000010304,0304,"(34, 50)","(0, 20)"
21,Puebla,21140,San Pedro Cholula,2114000010319,0319,"(18, 34)","(0, 20)"
21,Puebla,21140,San Pedro Cholula,2114000010376,0376,"(70, 100)","(0, 20)"
21,Puebla,21140,San Pedro Cholula,2114000010380,0380,"(18, 34)","(0, 20)"
21,Puebla,21140,San Pedro Cholula,2114000010395,0395,"(50, 70)","(0, 20)"
21,Puebla,21140,San Pedro Cholula,2114000010408,0408,"(18, 34)","(0, 20)"
21,Puebla,21140,San Pedro Cholula,2114000010412,0412,"(50, 70)","(0, 20)"
21,Puebla,21140,San Pedro Cholula,2114000010427,0427,"(34, 50)","(0, 20)"
21,Puebla,21140,San Pedro Cholula,2114000010431,0431,"(0, 18)","(0, 20)"
21,Puebla,21140,San Pedro Cholula,2114000010484,0484,"(34, 50)","(0, 20)"
21,Puebla,21140,San Pedro Cholula,2114000010499,0499,"(34, 50)","(0, 20)"
21,Puebla,21140,San Pedro Cholula,2114000010501,0501,"(34, 50)","(0, 20)"
21,Puebla,21140,San Pedro Cholula,2114000010516,0516,"(34, 50)","(0, 20)"
21,Puebla,21140,San Pedro Cholula,2114000010520,0520,"(34, 50)","(0, 20)"
21,Puebla,21140,San Pedro Cholula,2114000070357,0357,"(70, 100)","(20, 50)"
21,Puebla,21140,San Pedro Cholula,2114000070361,0361,"(70, 100)","(0, 20)"
21,Puebla,21140,San Pedro Cholula,2114000140268,0268,"(50, 70)","(0, 20)"
21,Puebla,21140,San Pedro Cholula,2114000140287,0287,"(34, 50)","(0, 20)"
21,Puebla,21140,San Pedro Cholula,2114000140291,0291,"(18, 34)","(0, 20)"
21,Puebla,21140,San Pedro Cholula,2114000140446,0446,"(50, 70)","(0, 20)"
21,Puebla,21140,San Pedro Cholula,2114000140450,0450,"(18, 34)","(0, 20)"
21,Puebla,21140,San Pedro Cholula,2114000140465,0465,"(18, 34)","(0, 20)"
21,Puebla,21140,San Pedro Cholula,2114000200338,0338,"(70, 100)","(20, 50)"
21,Puebla,21140,San Pedro Cholula,2114000200535,0535,"(70, 100)","(0, 20)"
21,Puebla,21140,San Pedro Cholula,211400020054A,054A,"(70, 100)","(0, 20)"
21,Puebla,21140,San Pedro Cholula,2114000270126,0126,"(70, 100)","(20, 50)"
21,Puebla,21140,San Pedro Cholula,2114000270145,0145,"(70, 100)","(0, 20)"
21,Puebla,21140,San Pedro Cholula,2114000270342,0342,"(70, 100)","(0, 20)"
21,Puebla,21143,San Salvador el Verde,2114300010062,0062,"(50, 70)","(0, 20)"
21,Puebla,21143,San Salvador el Verde,2114300010077,0077,"(50, 70)","(0, 20)"
21,Puebla,21143,San Salvador el Verde,2114300080170,0170,"(70, 100)","(0, 20)"
21,Puebla,21143,San Salvador el Verde,2114300090109,0109,"(70, 100)","(20, 50)"
21,Puebla,21143,San Salvador el Verde,2114300090147,0147,"(70, 100)","(20, 50)"
21,Puebla,21143,San Salvador el Verde,2114300090151,0151,"(70, 100)","(0, 20)"
21,Puebla,21143,San Salvador el Verde,2114300090166,0166,"(70, 100)","(70, 100)"
21,Puebla,21143,San Salvador el Verde,2114300100185,0185,"(70, 100)","(0, 20)"
21,Puebla,21143,San Salvador el Verde,2114300110113,0113,"(50, 70)","(0, 20)"
21,Puebla,21143,San Salvador el Verde,2114300110128,0128,"(70, 100)","(0, 20)"
21,Puebla,21143,San Salvador el Verde,2114300140132,0132,"(70, 100)","(0, 20)"
21,Puebla,21163,Tepatlaxco de Hidalgo,2116300010050,0050,"(70, 100)","(0, 20)"
21,Puebla,21163,Tepatlaxco de Hidalgo,2116300010065,0065,"(70, 100)","(0, 20)"
21,Puebla,21163,Tepatlaxco de Hidalgo,2116300010120,0120,"(70, 100)","(0, 20)"
21,Puebla,21163,Tepatlaxco de Hidalgo,2116300010135,0135,"(70, 100)","(0, 20)"
21,Puebla,21163,Tepatlaxco de Hidalgo,211630001014A,014A,"(70, 100)","(0, 20)"
21,Puebla,21163,Tepatlaxco de Hidalgo,2116300010154,0154,"(70, 100)","(0, 20)"
